Id,FirstName,LastName,Age,Address,Email
0,Arjun,Connelly,78,13662 Anderson Meadows Becker Valleys Neck,frank_jewess@bahringer.us
0,Hoyt,Moore,68,107 Malika Orchard Balistreri Glen Parkways,jaycee_smitham@parker.uk
0,Rogelio,Willms,35,0085 Stanley Course Americo Mountains Run,etha@abshire.biz
0,Nelda,Bode,75,04707 Gibson Drive Turner Estate Vista,kassandra@farrellrowe.uk
0,Hugh,Smith,24,353 Leila Manors Bogan Drive Track,aiyana@wisoky.us
0,Clifford,Kulas,25,361 Ziemann Spring Predovic Ford Common,elva@runolfsdottir.info
0,Savion,Aufderhar,66,5737 Wintheiser Trail Connelly Rue Roads,rigoberto_paucek@nikolaus.uk
0,Manuel,Deckow,68,8681 Cooper Groves Thiel Dale Via,malvina_hodkiewicz@cole.uk
0,Mae,Casper,75,4066 Jarred Heights Alverta Pines Throughway,marie@marvin.co.uk
0,Matilde,Boehm,23,5084 Daija Run Benny Villages Key,maverick.ryan@russel.us
